<?xml version="1.0" encoding="utf-8" ?> 
<objectsLibrary>
<category name="Ford Transits - S. Legg">

	<obj name="Ford Transit Blue"
		guid="f5dee87499bd1c549016f1ad5c7f69ae"
		image="Ford Transits - Steve Legg\FTrans-Blue.gif" />
	<obj name="Ford Transit Green"
		guid="f5dee87499bd1c549016f1ad5c7f69af"
		image="Ford Transits - Steve Legg\FTrans-Green.gif" />
	<obj name="Ford Transit Red"
		guid="f5dee87499bd1c549016f1ad5c7f69b0"
		image="Ford Transits - Steve Legg\FTrans-Red.gif" />
	<obj name="Ford Transit User01"
		guid="f5dee87499bd1c549016f1ad5c7f69b1"
		image="Ford Transits - Steve Legg\FTrans-User05.gif" />
	<obj name="Ford Transit User02"
		guid="f5dee87499bd1c549016f1ad5c7f69b2"
		image="Ford Transits - Steve Legg\FTrans-User05.gif" />
	<obj name="Ford Transit User03"
		guid="f5dee87499bd1c549016f1ad5c7f69b3"
		image="Ford Transits - Steve Legg\FTrans-User05.gif" />
	<obj name="Ford Transit User04"
		guid="f5dee87499bd1c549016f1ad5c7f69b4"
		image="Ford Transits - Steve Legg\FTrans-User05.gif" />
	<obj name="Ford Transit User05"
		guid="f5dee87499bd1c549016f1ad5c7f69b5"
		image="Ford Transits - Steve Legg\FTrans-User05.gif" />
	<obj name="Ford Transit User06"
		guid="f5dee87499bd1c549016f1ad5c7f69b6"
		image="Ford Transits - Steve Legg\FTrans-User05.gif" />
	<obj name="Ford Transit User07"
		guid="f5dee87499bd1c549016f1ad5c7f69b7"
		image="Ford Transits - Steve Legg\FTrans-User05.gif" />
	<obj name="Ford Transit User08"
		guid="f5dee87499bd1c549016f1ad5c7f69b8"
		image="Ford Transits - Steve Legg\FTrans-User05.gif" />
	<obj name="Ford Transit User09"
		guid="f5dee87499bd1c549016f1ad5c7f69b9"
		image="Ford Transits - Steve Legg\FTrans-User05.gif" />
	<obj name="Ford Transit User10"
		guid="f5dee87499bd1c549016f1ad5c7f69ba"
		image="Ford Transits - Steve Legg\FTrans-User05.gif" />
	<obj name="Ford Transit White"
		guid="f5dee87499bd1c549016f1ad5c7f69bb"
		image="Ford Transits - Steve Legg\FTrans-White.gif" />
	<obj name="Ford Transit Yellow"
		guid="f5dee87499bd1c549016f1ad5c7f69bc"
		image="Ford Transits - Steve Legg\FTrans-Yellow.gif" />
	<obj name="Ford Pickup White"
		guid="f5dee87499bd1c549016f1ad5c7f69bd"
		image="Ford Transits - Steve Legg\FPickup-White.gif" />
	<obj name="Ford Pickup Blue"
		guid="f5dee87499bd1c549016f1ad5c7f69be"
		image="Ford Transits - Steve Legg\FPickup-Blue.gif" />
	<obj name="Ford Pickup Green"
		guid="f5dee87499bd1c549016f1ad5c7f69bf"
		image="Ford Transits - Steve Legg\FPickup-Green.gif" />
	<obj name="Ford Pickup Red"
		guid="f5dee87499bd1c549016f1ad5c7f69c0"
		image="Ford Transits - Steve Legg\FPickup-Red.gif" />
	<obj name="Ford Pickup Yellow"
		guid="f5dee87499bd1c549016f1ad5c7f69c1"
		image="Ford Transits - Steve Legg\FPickup-Yellow.gif" />
	<obj name="Ford Pickup User01"
		guid="f5dee87499bd1c549016f1ad5c7f69c2"
		image="Ford Transits - Steve Legg\FPickup-User.gif" />
	<obj name="Ford Pickup User02"
		guid="f5dee87499bd1c549016f1ad5c7f69c3"
		image="Ford Transits - Steve Legg\FPickup-User.gif" />
	<obj name="Ford Pickup User03"
		guid="f5dee87499bd1c549016f1ad5c7f69c4"
		image="Ford Transits - Steve Legg\FPickup-User.gif" />
	<obj name="Ford Pickup User04"
		guid="f5dee87499bd1c549016f1ad5c7f69c5"
		image="Ford Transits - Steve Legg\FPickup-User.gif" />
	<obj name="Ford Pickup User05"
		guid="f5dee87499bd1c549016f1ad5c7f69c6"
		image="Ford Transits - Steve Legg\FPickup-User.gif" />
	<obj name="Ford Luton White"
		guid="f5dee87499bd1c549016f1ad5c7f69c7"
		image="Ford Transits - Steve Legg\FLuton-White.gif" />
	<obj name="Ford Luton Blue"
		guid="f5dee87499bd1c549016f1ad5c7f69c8"
		image="Ford Transits - Steve Legg\FLuton-Blue.gif" />
	<obj name="Ford Luton Green"
		guid="f5dee87499bd1c549016f1ad5c7f69c9"
		image="Ford Transits - Steve Legg\FLuton-Green.gif" />
	<obj name="Ford Luton Red"
		guid="f5dee87499bd1c549016f1ad5c7f69ca"
		image="Ford Transits - Steve Legg\FLuton-Red.gif" />
	<obj name="Ford Luton Yellow"
		guid="f5dee87499bd1c549016f1ad5c7f69cb"
		image="Ford Transits - Steve Legg\FLuton-Yellow.gif" />
	<obj name="Ford Luton User01"
		guid="f5dee87499bd1c549016f1ad5c7f69cc"
		image="Ford Transits - Steve Legg\FLuton-User.gif" />
	<obj name="Ford Luton User02"
		guid="f5dee87499bd1c549016f1ad5c7f69cd"
		image="Ford Transits - Steve Legg\FLuton-User.gif" />
	<obj name="Ford Luton User03"
		guid="f5dee87499bd1c549016f1ad5c7f69ce"
		image="Ford Transits - Steve Legg\FLuton-User.gif" />
	<obj name="Ford Luton User04"
		guid="f5dee87499bd1c549016f1ad5c7f69cf"
		image="Ford Transits - Steve Legg\FLuton-User.gif" />
	<obj name="Ford Luton User05"
		guid="f5dee87499bd1c549016f1ad5c7f69d0"
		image="Ford Transits - Steve Legg\FLuton-User.gif" />
	<obj name="Landrover 90"
		guid="f5dee87499bd1c549016f1ad5c7f69d1"
		image="Ford Transits - Steve Legg\LandRover.gif" />
</category>
</objectsLibrary>
