<?xml version="1.0" encoding="utf-8" ?> 
<objectsLibrary>
<category name="Trees - Seev Kahn">

	<obj name="Tree 1"
			guid="05595A90475F9FCBC7A884BAEC2EBE7A"
			image="Trees - Seev Kahn\Tree_1.jpg"/>
	
	<obj name="Tree 2"
			guid="BB5842424ED9F6C848AFA282C4C6828B"
			image="Trees - Seev Kahn\Tree_2.jpg"/>

	<obj name="Tree 3"
			guid="27B5F7FE415926B310EBB599DA2187CD"
			image="Trees - Seev Kahn\Tree_3.jpg"/>

	<obj name="Tree 4"
			guid="53978FE2465647AD17E1EBBAC37E60D2"
			image="Trees - Seev Kahn\Tree_4.jpg"/>

	<obj name="Tree 5"
			guid="19C51B144E67DC1EACC9FC96D3C4D2F3"
			image="Trees - Seev Kahn\Tree_5.jpg"/>

	<obj name="Tree 6"
			guid="A00836534BBDEFAE576F46B84990963B"
			image="Trees - Seev Kahn\Tree_6.jpg"/>

	<obj name="Tree 7"
			guid="B6941D2644C44A70DE8EDDB4596514A3"
			image="Trees - Seev Kahn\Tree_7.jpg"/>

	<obj name="Tree 8"
			guid="133C6A694D06F5B6803BC086E9894271"
			image="Trees - Seev Kahn\Tree_8.jpg"/>

	<obj name="Tree 9"
			guid="E53014424F624B18CC5EED8962BAFC1A"
			image="Trees - Seev Kahn\Tree_9.jpg"/>

	<obj name="Tree 10"
			guid="69A335484CBFD7EC6CDE5DB6B13F94BC"
			image="Trees - Seev Kahn\Tree_10.jpg"/>

	<obj name="Tree 11"
			guid="40223E574BBA29AC14F7598B4E765A33"
			image="Trees - Seev Kahn\Tree_11.jpg"/>

	<obj name="Tree 12"
			guid="65D4F12747A7C22FF4840F9941CEC1D8"
			image="Trees - Seev Kahn\Tree_12.jpg"/>

	<obj name="Tree 13"
			guid="07BEB9304499308E34E676AAB900AAEC"
			image="Trees - Seev Kahn\Tree_13.jpg"/>

	<obj name="Tree 14"
			guid="36BA5BE9484E48750607EFB2FE546148"
			image="Trees - Seev Kahn\Tree_14.jpg"/>

	<obj name="Tree 15"
			guid="277D5E094C2153D9F31525AE2FDBC43C"
			image="Trees - Seev Kahn\Tree_15.jpg"/>

	<obj name="Tree 16"
			guid="6C62A4284111EAEECA0E0A88C04D30F7"
			image="Trees - Seev Kahn\Tree_16.jpg"/>

	<obj name="Tree Line 1"
			guid="984682594B824C8616441FA190B34489"
			image="Trees - Seev Kahn\TreeLine_1.jpg"/>

	<obj name="Tree Line 2"
			guid="6A06B84D4CE73239359FDCA08A0DAD50"
			image="Trees - Seev Kahn\TreeLine_2.jpg"/>

	<obj name="Tree Line 3"
			guid="0D48456A43F83E24766F689C1AAC32F8"
			image="Trees - Seev Kahn\TreeLine_3.jpg"/>

	<obj name="Tree Line 4"
			guid="997950714068C5F2B5A425BF6A15D1A5"
			image="Trees - Seev Kahn\TreeLine_4.jpg"/>


</category>
</objectsLibrary>	
