<?xml version="1.0" encoding="utf-8" ?>
<objectsLibrary>
<category name="People - Geoff Williams">

	<obj name="Woman1"
			guid="47454F4657494C4CFFFF0001FFFF00B0"
			image="People - Geoff Williams\woman1-3.jpg"/>
	<obj name="Woman2"
			guid="47454F4657494C4CFFFF0001FFFF00B1"
			image="People - Geoff Williams\woman1-3.jpg"/>
	<obj name="Woman3"
			guid="47454F4657494C4CFFFF0001FFFF00B2"
			image="People - Geoff Williams\woman1-3.jpg"/>
 	<obj name="Woman4"
			guid="47454F4657494C4CFFFF0001FFFF00B3"
			image="People - Geoff Williams\woman4-6.jpg"/>
 	<obj name="man1"
			guid="47454F4657494C4CFFFF0001FFFF00B4"
			image="People - Geoff Williams\man1-3.jpg"/>
 	<obj name="man2"
			guid="47454F4657494C4CFFFF0001FFFF00B5"
			image="People - Geoff Williams\man1-3.jpg"/>
 	<obj name="man3"
			guid="47454F4657494C4CFFFF0001FFFF00B6"
			image="People - Geoff Williams\man1-3.jpg"/>
 	<obj name="man4"
			guid="47454F4657494C4CFFFF0001FFFF00B7"
			image="People - Geoff Williams\man4USCops.jpg"/>
 	<obj name="Group1"
			guid="47454F4657494C4CFFFF0001FFFF00B8"
			image="People - Geoff Williams\group1.jpg"/>
 	<obj name="Airman1"
			guid="47454F4657494C4CFFFF0001FFFF00B9"
			image="People - Geoff Williams\airman.jpg"/>
 	<obj name="Airman2"
			guid="47454F4657494C4CFFFF0001FFFF00BA"
			image="People - Geoff Williams\airman.jpg"/>
 	<obj name="Airman3"
			guid="47454F4657494C4CFFFF0001FFFF00BB"
			image="People - Geoff Williams\airman.jpg"/>
 	<obj name="Architect"
			guid="47454F4657494C4CFFFF0001FFFF00BC"
			image="People - Geoff Williams\firemenarchitect.jpg"/>
 	<obj name="Doctor"
			guid="47454F4657494C4CFFFF0001FFFF00BD"
			image="People - Geoff Williams\doctorpilots.jpg"/>
 	<obj name="Fireman1"
			guid="47454F4657494C4CFFFF0001FFFF00BE"
			image="People - Geoff Williams\firemenarchitect.jpg"/>
 	<obj name="Fireman2"
			guid="47454F4657494C4CFFFF0001FFFF00BF"
			image="People - Geoff Williams\firemenarchitect.jpg"/>
 	<obj name="Man10"
			guid="47454F4657494C4CFFFF0001FFFF00C0"
			image="People - Geoff Williams\man9-11.jpg"/>
 	<obj name="Man11"
			guid="47454F4657494C4CFFFF0001FFFF00C1"
			image="People - Geoff Williams\man9-11.jpg"/>
 	<obj name="Man12"
			guid="47454F4657494C4CFFFF0001FFFF00C2"
			image="People - Geoff Williams\man12-14.jpg"/>
 	<obj name="Man13"
			guid="47454F4657494C4CFFFF0001FFFF00C3"
			image="People - Geoff Williams\man12-14.jpg"/>
 	<obj name="Man14"
			guid="47454F4657494C4CFFFF0001FFFF00C4"
			image="People - Geoff Williams\man12-14.jpg"/>
 	<obj name="Man15"
			guid="47454F4657494C4CFFFF0001FFFF00C5"
			image="People - Geoff Williams\man15-17.jpg"/>
 	<obj name="Man16"
			guid="47454F4657494C4CFFFF0001FFFF00C6"
			image="People - Geoff Williams\man15-17.jpg"/>
 	<obj name="Man17"
			guid="47454F4657494C4CFFFF0001FFFF00C7"
			image="People - Geoff Williams\man15-17.jpg"/>
 	<obj name="Man18"
			guid="47454F4657494C4CFFFF0001FFFF00C8"
			image="People - Geoff Williams\man18.jpg"/>
 	<obj name="Man5"
			guid="47454F4657494C4CFFFF0001FFFF00C9"
			image="People - Geoff Williams\man5-7.jpg"/>
 	<obj name="Man6"
			guid="47454F4657494C4CFFFF0001FFFF00CA"
			image="People - Geoff Williams\man5-7.jpg"/>
 	<obj name="Man7"
			guid="47454F4657494C4CFFFF0001FFFF00CB"
			image="People - Geoff Williams\man5-7.jpg"/>
 	<obj name="Man8"
			guid="47454F4657494C4CFFFF0001FFFF00CC"
			image="People - Geoff Williams\man8.jpg"/>
 	<obj name="Man9"
			guid="47454F4657494C4CFFFF0001FFFF00CD"
			image="People - Geoff Williams\man9-11.jpg"/>
 	<obj name="Photographer"
			guid="47454F4657494C4CFFFF0001FFFF00CE"
			image="People - Geoff Williams\PhotWcPostman.jpg"/>
 	<obj name="Pilot1"
			guid="47454F4657494C4CFFFF0001FFFF00CF"
			image="People - Geoff Williams\DoctorPilots.jpg"/>
 	<obj name="Pilot2"
			guid="47454F4657494C4CFFFF0001FFFF00D0"
			image="People - Geoff Williams\DoctorPilots.jpg"/>
 	<obj name="Postman"
			guid="47454F4657494C4CFFFF0001FFFF00D1"
			image="People - Geoff Williams\PhotWCPostman.jpg"/>
 	<obj name="US_Cop1"
			guid="47454F4657494C4CFFFF0001FFFF00D2"
			image="People - Geoff Williams\man4uscops.jpg"/>
 	<obj name="US_Cop2"
			guid="47454F4657494C4CFFFF0001FFFF00D3"
			image="People - Geoff Williams\man4uscops.jpg"/>
 	<obj name="Window_Cleaner"
			guid="47454F4657494C4CFFFF0001FFFF00D4"
			image="People - Geoff Williams\PhotWcPostman.jpg"/>
 	<obj name="Woman10"
			guid="47454F4657494C4CFFFF0001FFFF00D5"
			image="People - Geoff Williams\woman10-12.jpg"/>
 	<obj name="Woman11"
			guid="47454F4657494C4CFFFF0001FFFF00D6"
			image="People - Geoff Williams\woman10-12.jpg"/>
 	<obj name="Woman12"
			guid="47454F4657494C4CFFFF0001FFFF00D7"
			image="People - Geoff Williams\woman10-12.jpg"/>
 	<obj name="Woman13"
			guid="47454F4657494C4CFFFF0001FFFF00D8"
			image="People - Geoff Williams\woman13-15.jpg"/>
 	<obj name="Woman14"
			guid="47454F4657494C4CFFFF0001FFFF00D9"
			image="People - Geoff Williams\woman13-15.jpg"/>
 	<obj name="Woman15"
			guid="47454F4657494C4CFFFF0001FFFF00DA"
			image="People - Geoff Williams\woman13-15.jpg"/>
 	<obj name="Woman16"
			guid="47454F4657494C4CFFFF0001FFFF00DB"
			image="People - Geoff Williams\woman16-18.jpg"/>
 	<obj name="Woman17"
			guid="47454F4657494C4CFFFF0001FFFF00DC"
			image="People - Geoff Williams\woman16-18.jpg"/>
 	<obj name="Woman18"
			guid="47454F4657494C4CFFFF0001FFFF00DD"
			image="People - Geoff Williams\woman16-18.jpg"/>
 	<obj name="Woman19"
			guid="47454F4657494C4CFFFF0001FFFF00DE"
			image="People - Geoff Williams\woman19-21.jpg"/>
 	<obj name="Woman20"
			guid="47454F4657494C4CFFFF0001FFFF00DF"
			image="People - Geoff Williams\woman19-21.jpg"/>
 	<obj name="Woman21"
			guid="47454F4657494C4CFFFF0001FFFF00E0"
			image="People - Geoff Williams\woman19-21.jpg"/>
 	<obj name="Woman22"
			guid="47454F4657494C4CFFFF0001FFFF00E1"
			image="People - Geoff Williams\woman22-24.jpg"/>
 	<obj name="Woman23"
			guid="47454F4657494C4CFFFF0001FFFF00E2"
			image="People - Geoff Williams\woman22-24.jpg"/>
 	<obj name="Woman24"
			guid="47454F4657494C4CFFFF0001FFFF00E3"
			image="People - Geoff Williams\woman22-24.jpg"/>
 	<obj name="Woman25"
 			guid="47454F4657494C4CFFFF0001FFFF00E4"
			image="People - Geoff Williams\woman25-27.jpg"/>
 	<obj name="Woman26"
			guid="47454F4657494C4CFFFF0001FFFF00E5"
			image="People - Geoff Williams\woman25-27.jpg"/>
 	<obj name="Woman27"
			guid="47454F4657494C4CFFFF0001FFFF00E6"
			image="People - Geoff Williams\woman25-27.jpg"/>
 	<obj name="Woman28"
			guid="47454F4657494C4CFFFF0001FFFF00E7"
			image="People - Geoff Williams\woman28-30.jpg"/>
 	<obj name="Woman29"
			guid="47454F4657494C4CFFFF0001FFFF00E8"
			image="People - Geoff Williams\woman28-30.jpg"/>
 	<obj name="Woman30"
			guid="47454F4657494C4CFFFF0001FFFF00E9"
			image="People - Geoff Williams\woman28-30.jpg"/>
 	<obj name="Woman31"
			guid="47454F4657494C4CFFFF0001FFFF00EA"
			image="People - Geoff Williams\woman31-32.jpg"/>
 	<obj name="Woman32"
			guid="47454F4657494C4CFFFF0001FFFF00EB"
			image="People - Geoff Williams\woman31-32.jpg"/>
 	<obj name="Woman5"
			guid="47454F4657494C4CFFFF0001FFFF00EC"
			image="People - Geoff Williams\woman4-6.jpg"/>
 	<obj name="Woman6"
			guid="47454F4657494C4CFFFF0001FFFF00ED"
			image="People - Geoff Williams\woman4-6.jpg"/>
 	<obj name="Woman7"
			guid="47454F4657494C4CFFFF0001FFFF00EE"
			image="People - Geoff Williams\woman7-9.jpg"/>
 	<obj name="Woman8"
			guid="47454F4657494C4CFFFF0001FFFF00EF"
			image="People - Geoff Williams\woman7-9.jpg"/>
 	<obj name="Woman9"
			guid="47454F4657494C4CFFFF0001FFFF00F0"
			image="People - Geoff Williams\woman7-9.jpg"/>
</category>
</objectsLibrary>







