<?xml version="1.0" encoding="utf-8" ?> 
<objectsLibrary>
<category name="Jetways - S. Ansari">			

	<obj name="Jetway White - no Gate Number"
			guid="BE5A4A0011D89C4E5000C5BFB136012C"
				image="Jetways - S Ansari\Jetway_White_NoGateNumber.jpg"/>
	<obj name="Jetway White - Max Hight"
			guid="7198850011D89C4F5000C5BFB136012C"
				image="Jetways - S Ansari\Jetway_White_Max_Hight.jpg"/>
	<obj name="Jetway Grey - no Gate Number"
			guid="B5DEE8749CBD1C549016F1AD5C7F69FF"
				image="Jetways - S Ansari\Jetway_Grey_NoGateNumber.jpg"/>
	<obj name="Jetway Grey - Max Hight"
			guid="B5DEE8749CBD1C549016F1AD5C7F6A00"
				image="Jetways - S Ansari\Jetway_Grey_Max_Hight.jpg"/>
	<obj name="Jetway Brown - no Gate Number"
			guid="B5DEE8749CBD1C549016F1AD5C7F69AD"
				image="Jetways - S Ansari\Jetway_Brown_NoGateNumber.jpg"/>
	<obj name="Jetway Brown - Max Hight"
			guid="B5DEE8749CBD1C549016F1AD5C7F69AE"
				image="Jetways - S Ansari\Jetway_Brown_Max_Hight.jpg"/>
	<obj name="Jetway White 1"
			guid="F8654C4011D89C4E5000C5BFB136012C"
				image="Jetways - S Ansari\Jetway_White_1.jpg"/>
	<obj name="Jetway White 2"
			guid="A4D6716011D89C555000C5BFB136012C"
				image="Jetways - S Ansari\Jetway_White_2.jpg"/>
	<obj name="Jetway White 3"
			guid="9CE4F20011D89C565000C5BFB136012C"
				image="Jetways - S Ansari\Jetway_White_3.jpg"/>
	<obj name="Jetway White 4"
			guid="72A47D2011D89C575000C5BFB136012C"
				image="Jetways - S Ansari\Jetway_White_4.jpg"/>
	<obj name="Jetway White 5"
			guid="03AC2CA011D89C585000C5BFB136012C"
				image="Jetways - S Ansari\Jetway_White_5.jpg"/>
	<obj name="Jetway White 6"
			guid="138D1DA011D89C585000C5BFB136012C"
				image="Jetways - S Ansari\Jetway_White_6.jpg"/>
	<obj name="Jetway White 7"
			guid="2272498011D89C585000C5BFB136012C"
				image="Jetways - S Ansari\Jetway_White_7.jpg"/>
	<obj name="Jetway White 8"
			guid="3484C08011D89C585000C5BFB136012C"
				image="Jetways - S Ansari\Jetway_White_8.jpg"/>
	<obj name="Jetway White 9"
			guid="4A6333A011D89C585000C5BFB136012C"
				image="Jetways - S Ansari\Jetway_White_9.jpg"/>
	<obj name="Jetway White 10"
			guid="172B692011D89C4F5000C5BFB136012C"
				image="Jetways - S Ansari\Jetway_White_10.jpg"/>
	<obj name="Jetway White 11"
			guid="2F33C12011D89C4F5000C5BFB136012C"
				image="Jetways - S Ansari\Jetway_White_11.jpg"/>
	<obj name="Jetway White 12"
			guid="CFB5974011D89C545000C5BFB136012C"
				image="Jetways - S Ansari\Jetway_White_12.jpg"/>
	<obj name="Jetway White 13"
			guid="E5F8BFA011D89C545000C5BFB136012C"
				image="Jetways - S Ansari\Jetway_White_13.jpg"/>
	<obj name="Jetway White 14"
			guid="048C81E011D89C555000C5BFB136012C"
				image="Jetways - S Ansari\Jetway_White_14.jpg"/>
	<obj name="Jetway White 15"
			guid="18C8DDC011D89C555000C5BFB136012C"
				image="Jetways - S Ansari\Jetway_White_15.jpg"/>
	<obj name="Jetway White 16"
			guid="2C297FA011D89C555000C5BFB136012C"
				image="Jetways - S Ansari\Jetway_White_16.jpg"/>
	<obj name="Jetway White 17"
			guid="60AC7DE011D89C555000C5BFB136012C"
				image="Jetways - S Ansari\Jetway_White_17.jpg"/>
	<obj name="Jetway White 18"
			guid="7451C9E011D89C555000C5BFB136012C"
				image="Jetways - S Ansari\Jetway_White_18.jpg"/>
	<obj name="Jetway White 19"
			guid="8AF07FC011D89C555000C5BFB136012C"
				image="Jetways - S Ansari\Jetway_White_19.jpg"/>
	<obj name="Jetway White 20"
			guid="B88AFFA011D89C555000C5BFB136012C"
				image="Jetways - S Ansari\Jetway_White_20.jpg"/>
	<obj name="Jetway White 21"
			guid="D0595BE011D89C555000C5BFB136012C"
				image="Jetways - S Ansari\Jetway_White_21.jpg"/>			<obj name="Jetway White 22"
			guid="E83E9B8011D89C555000C5BFB136012C"
				image="Jetways - S Ansari\Jetway_White_22.jpg"/>
	<obj name="Jetway White 23"
			guid="013990E011D89C565000C5BFB136012C"
				image="Jetways - S Ansari\Jetway_White_23.jpg"/>
	<obj name="Jetway White 24"
			guid="1237D8C011D89C565000C5BFB136012C"
				image="Jetways - S Ansari\Jetway_White_24.jpg"/>
	<obj name="Jetway White 25"
			guid="2D4A638011D89C565000C5BFB136012C"
				image="Jetways - S Ansari\Jetway_White_25.jpg"/>
	<obj name="Jetway White 26"
			guid="3CB5D66011D89C565000C5BFB136012C"
				image="Jetways - S Ansari\Jetway_White_26.jpg"/>
	<obj name="Jetway White 27"
			guid="54FFCB4011D89C565000C5BFB136012C"
				image="Jetways - S Ansari\Jetway_White_27.jpg"/>
	<obj name="Jetway White 28"
			guid="6FF24AE011D89C565000C5BFB136012C"
				image="Jetways - S Ansari\Jetway_White_28.jpg"/>
	<obj name="Jetway White 29"
			guid="8061240011D89C565000C5BFB136012C"
				image="Jetways - S Ansari\Jetway_White_29.jpg"/>
	<obj name="Jetway White 30"
			guid="B52EE6E011D89C565000C5BFB136012C"
				image="Jetways - S Ansari\Jetway_White_30.jpg"/>
	<obj name="Jetway White 31"
			guid="CE3AA52011D89C565000C5BFB136012C"
				image="Jetways - S Ansari\Jetway_White_31.jpg"/>
	<obj name="Jetway White 32"
			guid="E5B38E6011D89C565000C5BFB136012C"
				image="Jetways - S Ansari\Jetway_White_32.jpg"/>
	<obj name="Jetway White 33"
			guid="F855742011D89C565000C5BFB136012C"
				image="Jetways - S Ansari\Jetway_White_33.jpg"/>
	<obj name="Jetway White 34"
			guid="061D492011D89C575000C5BFB136012C"
				image="Jetways - S Ansari\Jetway_White_34.jpg"/>
	<obj name="Jetway White 35"
			guid="17A1D80011D89C575000C5BFB136012C"
				image="Jetways - S Ansari\Jetway_White_35.jpg"/>
	<obj name="Jetway White 36"
			guid="2B1C6A8011D89C575000C5BFB136012C"
				image="Jetways - S Ansari\Jetway_White_36.jpg"/>
	<obj name="Jetway White 37"
			guid="3B7A7AC011D89C575000C5BFB136012C"
				image="Jetways - S Ansari\Jetway_White_37.jpg"/>
	<obj name="Jetway White 38"
			guid="4DD0154011D89C575000C5BFB136012C"
				image="Jetways - S Ansari\Jetway_White_38.jpg"/>
	<obj name="Jetway White 39"
			guid="6224DB2011D89C575000C5BFB136012C"
				image="Jetways - S Ansari\Jetway_White_39.jpg"/>
	<obj name="Jetway White 40"
			guid="83E461E011D89C575000C5BFB136012C"
				image="Jetways - S Ansari\Jetway_White_40.jpg"/>
	<obj name="Jetway White 41"
			guid="99B20C2011D89C575000C5BFB136012C"
				image="Jetways - S Ansari\Jetway_White_41.jpg"/>
	<obj name="Jetway White 42"
			guid="B37F93C011D89C575000C5BFB136012C"
				image="Jetways - S Ansari\Jetway_White_42.jpg"/>
	<obj name="Jetway White 43"
			guid="C4D9692011D89C575000C5BFB136012C"
				image="Jetways - S Ansari\Jetway_White_43.jpg"/>
	<obj name="Jetway White 44"
			guid="DC84AD0011D89C575000C5BFB136012C"
				image="Jetways - S Ansari\Jetway_White_44.jpg"/>
	<obj name="Jetway White 45"
			guid="F1B21FA011D89C575000C5BFB136012C"
				image="Jetways - S Ansari\Jetway_White_45.jpg"/>
	<obj name="Jetway Brown 1"
			guid="B5DEE8749CBD1C549016F1AD5C7F69B7"
				image="Jetways - S Ansari\Jetway_Brown_1.jpg"/>
	<obj name="Jetway Brown 2"
			guid="B5DEE8749CBD1C549016F1AD5C7F69B8"
				image="Jetways - S Ansari\Jetway_Brown_2.jpg"/>
	<obj name="Jetway Brown 3"
			guid="B5DEE8749CBD1C549016F1AD5C7F69B9"
				image="Jetways - S Ansari\Jetway_Brown_3.jpg"/>
	<obj name="Jetway Brown 4"
			guid="B5DEE8749CBD1C549016F1AD5C7F69BA"
				image="Jetways - S Ansari\Jetway_Brown_4.jpg"/>
	<obj name="Jetway Brown 5"
			guid="B5DEE8749CBD1C549016F1AD5C7F69BB"
				image="Jetways - S Ansari\Jetway_Brown_5.jpg"/>
	<obj name="Jetway Brown 6"
			guid="B5DEE8749CBD1C549016F1AD5C7F69BC"
				image="Jetways - S Ansari\Jetway_Brown_6.jpg"/>
	<obj name="Jetway Brown 7"
			guid="B5DEE8749CBD1C549016F1AD5C7F69BD"
				image="Jetways - S Ansari\Jetway_Brown_7.jpg"/>
	<obj name="Jetway Brown 8"
			guid="B5DEE8749CBD1C549016F1AD5C7F69BE"
				image="Jetways - S Ansari\Jetway_Brown_8.jpg"/>
	<obj name="Jetway Brown 9"
			guid="B5DEE8749CBD1C549016F1AD5C7F69BF"
				image="Jetways - S Ansari\Jetway_Brown_9.jpg"/>
	<obj name="Jetway Brown 10"
			guid="B5DEE8749CBD1C549016F1AD5C7F69C0"
				image="Jetways - S Ansari\Jetway_Brown_10.jpg"/>
	<obj name="Jetway Brown 11"
			guid="B5DEE8749CBD1C549016F1AD5C7F69C1"
				image="Jetways - S Ansari\Jetway_Brown_11.jpg"/>
	<obj name="Jetway Brown 12"
			guid="B5DEE8749CBD1C549016F1AD5C7F69C2"
				image="Jetways - S Ansari\Jetway_Brown_12.jpg"/>
	<obj name="Jetway Brown 13"
			guid="B5DEE8749CBD1C549016F1AD5C7F69C3"
				image="Jetways - S Ansari\Jetway_Brown_13.jpg"/>
	<obj name="Jetway Brown 14"
			guid="B5DEE8749CBD1C549016F1AD5C7F69C4"
				image="Jetways - S Ansari\Jetway_Brown_14.jpg"/>
	<obj name="Jetway Brown 15"
			guid="B5DEE8749CBD1C549016F1AD5C7F69C5"
				image="Jetways - S Ansari\Jetway_Brown_15.jpg"/>
	<obj name="Jetway Brown 16"
			guid="B5DEE8749CBD1C549016F1AD5C7F69C6"
				image="Jetways - S Ansari\Jetway_Brown_16.jpg"/>
	<obj name="Jetway Brown 17"
			guid="B5DEE8749CBD1C549016F1AD5C7F69C7"
				image="Jetways - S Ansari\Jetway_Brown_17.jpg"/>
	<obj name="Jetway Brown 18"
			guid="B5DEE8749CBD1C549016F1AD5C7F69C8"
				image="Jetways - S Ansari\Jetway_Brown_18.jpg"/>
	<obj name="Jetway Brown 19"
			guid="B5DEE8749CBD1C549016F1AD5C7F69C9"
				image="Jetways - S Ansari\Jetway_Brown_19.jpg"/>
	<obj name="Jetway Brown 20"
			guid="B5DEE8749CBD1C549016F1AD5C7F69CA"
				image="Jetways - S Ansari\Jetway_Brown_20.jpg"/>
	<obj name="Jetway Brown 21"
			guid="B5DEE8749CBD1C549016F1AD5C7F69CB"
				image="Jetways - S Ansari\Jetway_Brown_21.jpg"/>
	<obj name="Jetway Brown 22"
			guid="B5DEE8749CBD1C549016F1AD5C7F69CC"
				image="Jetways - S Ansari\Jetway_Brown_22.jpg"/>
	<obj name="Jetway Brown 23"
			guid="B5DEE8749CBD1C549016F1AD5C7F69CD"
				image="Jetways - S Ansari\Jetway_Brown_23.jpg"/>
	<obj name="Jetway Brown 24"
			guid="B5DEE8749CBD1C549016F1AD5C7F69CE"
				image="Jetways - S Ansari\Jetway_Brown_24.jpg"/>
	<obj name="Jetway Brown 25"
			guid="B5DEE8749CBD1C549016F1AD5C7F69CF"
				image="Jetways - S Ansari\Jetway_Brown_25.jpg"/>
	<obj name="Jetway Brown 26"
			guid="B5DEE8749CBD1C549016F1AD5C7F69D0"
				image="Jetways - S Ansari\Jetway_Brown_26.jpg"/>
	<obj name="Jetway Brown 27"
			guid="B5DEE8749CBD1C549016F1AD5C7F69D1"
				image="Jetways - S Ansari\Jetway_Brown_27.jpg"/>
	<obj name="Jetway Brown 28"
			guid="B5DEE8749CBD1C549016F1AD5C7F69D2"
				image="Jetways - S Ansari\Jetway_Brown_28.jpg"/>
	<obj name="Jetway Brown 29"
			guid="B5DEE8749CBD1C549016F1AD5C7F69D3"
				image="Jetways - S Ansari\Jetway_Brown_29.jpg"/>
	<obj name="Jetway Brown 30"
			guid="B5DEE8749CBD1C549016F1AD5C7F69D4"
				image="Jetways - S Ansari\Jetway_Brown_30.jpg"/>
	<obj name="Jetway Brown 31"
			guid="B5DEE8749CBD1C549016F1AD5C7F69D5"
				image="Jetways - S Ansari\Jetway_Brown_31.jpg"/>
	<obj name="Jetway Brown 32"
			guid="B5DEE8749CBD1C549016F1AD5C7F69D6"
				image="Jetways - S Ansari\Jetway_Brown_32.jpg"/>
	<obj name="Jetway Brown 33"
			guid="B5DEE8749CBD1C549016F1AD5C7F69D7"
				image="Jetways - S Ansari\Jetway_Brown_33.jpg"/>
	<obj name="Jetway Brown 34"
			guid="B5DEE8749CBD1C549016F1AD5C7F69D8"
				image="Jetways - S Ansari\Jetway_Brown_34.jpg"/>
	<obj name="Jetway Brown 35"
			guid="B5DEE8749CBD1C549016F1AD5C7F69D9"
				image="Jetways - S Ansari\Jetway_Brown_35.jpg"/>
	<obj name="Jetway Brown 36"
			guid="B5DEE8749CBD1C549016F1AD5C7F69DA"
				image="Jetways - S Ansari\Jetway_Brown_36.jpg"/>
	<obj name="Jetway Brown 37"
			guid="B5DEE8749CBD1C549016F1AD5C7F69DB"
				image="Jetways - S Ansari\Jetway_Brown_37.jpg"/>
	<obj name="Jetway Brown 38"
			guid="B5DEE8749CBD1C549016F1AD5C7F69DC"
				image="Jetways - S Ansari\Jetway_Brown_38.jpg"/>
	<obj name="Jetway Brown 39"
			guid="B5DEE8749CBD1C549016F1AD5C7F69DD"
				image="Jetways - S Ansari\Jetway_Brown_39.jpg"/>
	<obj name="Jetway Brown 40"
			guid="B5DEE8749CBD1C549016F1AD5C7F69B1"
				image="Jetways - S Ansari\Jetway_Brown_40.jpg"/>
	<obj name="Jetway Brown 41"
			guid="B5DEE8749CBD1C549016F1AD5C7F69B2"
				image="Jetways - S Ansari\Jetway_Brown_41.jpg"/>
	<obj name="Jetway Brown 42"
			guid="B5DEE8749CBD1C549016F1AD5C7F69B3"
				image="Jetways - S Ansari\Jetway_Brown_42.jpg"/>
	<obj name="Jetway Brown 43"
			guid="B5DEE8749CBD1C549016F1AD5C7F69B4"
				image="Jetways - S Ansari\Jetway_Brown_43.jpg"/>
	<obj name="Jetway Brown 44"
			guid="B5DEE8749CBD1C549016F1AD5C7F69B5"
				image="Jetways - S Ansari\Jetway_Brown_44.jpg"/>
	<obj name="Jetway Brown 45"
			guid="B5DEE8749CBD1C549016F1AD5C7F69B6"
				image="Jetways - S Ansari\Jetway_Brown_45.jpg"/>
	<obj name="Jetway Grey 1"
			guid="B5DEE8749CBD1C549016F1AD5C7F69FE" 
				image="Jetways - S Ansari\Jetway_Grey_1.jpg"/>
	<obj name="Jetway Grey 2"
			guid="B5DEE8749CBD1C549016F1AD5C7F6A07" 
				image="Jetways - S Ansari\Jetway_Grey_2.jpg"/>
	<obj name="Jetway Grey 3"
			guid="B5DEE8749CBD1C549016F1AD5C7F6A08" 
				image="Jetways - S Ansari\Jetway_Grey_3.jpg"/>
	<obj name="Jetway Grey 4"											guid="B5DEE8749CBD1C549016F1AD5C7F6A09" 
				image="Jetways - S Ansari\Jetway_Grey_4.jpg"/>
	<obj name="Jetway Grey 5"
			guid="B5DEE8749CBD1C549016F1AD5C7F6A0A"
				image="Jetways - S Ansari\Jetway_Grey_5.jpg"/>
	<obj name="Jetway Grey 6"
			guid="B5DEE8749CBD1C549016F1AD5C7F6A0B"
				image="Jetways - S Ansari\Jetway_Grey_6.jpg"/>
	<obj name="Jetway Grey 7"
			guid="B5DEE8749CBD1C549016F1AD5C7F6A0C"
				image="Jetways - S Ansari\Jetway_Grey_7.jpg"/>
	<obj name="Jetway Grey 8"
			guid="B5DEE8749CBD1C549016F1AD5C7F6A0D"
				image="Jetways - S Ansari\Jetway_Grey_8.jpg"/>
	<obj name="Jetway Grey 9"
			guid="B5DEE8749CBD1C549016F1AD5C7F6A0E"
				image="Jetways - S Ansari\Jetway_Grey_9.jpg"/>
	<obj name="Jetway Grey 10"
			guid="B5DEE8749CBD1C549016F1AD5C7F6A0F"
				image="Jetways - S Ansari\Jetway_Grey_10.jpg"/>
	<obj name="Jetway Grey 11"
			guid="B5DEE8749CBD1C549016F1AD5C7F6A10"
				image="Jetways - S Ansari\Jetway_Grey_11.jpg"/>
	<obj name="Jetway Grey 12"
			guid="B5DEE8749CBD1C549016F1AD5C7F6A11"
				image="Jetways - S Ansari\Jetway_Grey_12.jpg"/>
	<obj name="Jetway Grey 13"
			guid="B5DEE8749CBD1C549016F1AD5C7F6A12"
				image="Jetways - S Ansari\Jetway_Grey_13.jpg"/>
	<obj name="Jetway Grey 14"
			guid="B5DEE8749CBD1C549016F1AD5C7F6A13"
				image="Jetways - S Ansari\Jetway_Grey_14.jpg"/>
	<obj name="Jetway Grey 15"
			guid="B5DEE8749CBD1C549016F1AD5C7F6A14"
				image="Jetways - S Ansari\Jetway_Grey_15.jpg"/>
	<obj name="Jetway Grey 16"
			guid="B5DEE8749CBD1C549016F1AD5C7F6A15"
				image="Jetways - S Ansari\Jetway_Grey_16.jpg"/>
	<obj name="Jetway Grey 17"
			guid="B5DEE8749CBD1C549016F1AD5C7F6A16"
				image="Jetways - S Ansari\Jetway_Grey_17.jpg"/>
	<obj name="Jetway Grey 18"
			guid="B5DEE8749CBD1C549016F1AD5C7F6A17"
				image="Jetways - S Ansari\Jetway_Grey_18.jpg"/>
	<obj name="Jetway Grey 19"
			guid="B5DEE8749CBD1C549016F1AD5C7F6A18"
				image="Jetways - S Ansari\Jetway_Grey_19.jpg"/>
	<obj name="Jetway Grey 20"
			guid="B5DEE8749CBD1C549016F1AD5C7F6A19"
				image="Jetways - S Ansari\Jetway_Grey_20.jpg"/>
	<obj name="Jetway Grey 21"
			guid="B5DEE8749CBD1C549016F1AD5C7F6A1A"
				image="Jetways - S Ansari\Jetway_Grey_21.jpg"/>
	<obj name="Jetway Grey 22"
			guid="B5DEE8749CBD1C549016F1AD5C7F6A1B"
				image="Jetways - S Ansari\Jetway_Grey_22.jpg"/>
	<obj name="Jetway Grey 23"
			guid="B5DEE8749CBD1C549016F1AD5C7F6A1C"
				image="Jetways - S Ansari\Jetway_Grey_23.jpg"/>
	<obj name="Jetway Grey 24"
			guid="B5DEE8749CBD1C549016F1AD5C7F6A1D"
				image="Jetways - S Ansari\Jetway_Grey_24.jpg"/>
	<obj name="Jetway Grey 25"
			guid="B5DEE8749CBD1C549016F1AD5C7F6A1E"
				image="Jetways - S Ansari\Jetway_Grey_25.jpg"/>
	<obj name="Jetway Grey 26"
			guid="B5DEE8749CBD1C549016F1AD5C7F6A1F"
				image="Jetways - S Ansari\Jetway_Grey_26.jpg"/>
	<obj name="Jetway Grey 27"
			guid="B5DEE8749CBD1C549016F1AD5C7F6A20"
				image="Jetways - S Ansari\Jetway_Grey_27.jpg"/>
	<obj name="Jetway Grey 28"
			guid="B5DEE8749CBD1C549016F1AD5C7F6A21"
				image="Jetways - S Ansari\Jetway_Grey_28.jpg"/>
	<obj name="Jetway Grey 29"
			guid="B5DEE8749CBD1C549016F1AD5C7F6A22"
				image="Jetways - S Ansari\Jetway_Grey_29.jpg"/>
	<obj name="Jetway Grey 30"
			guid="B5DEE8749CBD1C549016F1AD5C7F6A23"
				image="Jetways - S Ansari\Jetway_Grey_30.jpg"/>
	<obj name="Jetway Grey 31"
			guid="B5DEE8749CBD1C549016F1AD5C7F6A24"
				image="Jetways - S Ansari\Jetway_Grey_31.jpg"/>
	<obj name="Jetway Grey 32"
			guid="B5DEE8749CBD1C549016F1AD5C7F6A25"
				image="Jetways - S Ansari\Jetway_Grey_32.jpg"/>
	<obj name="Jetway Grey 33"
			guid="B5DEE8749CBD1C549016F1AD5C7F6A26"
				image="Jetways - S Ansari\Jetway_Grey_33.jpg"/>
	<obj name="Jetway Grey 34"
			guid="B5DEE8749CBD1C549016F1AD5C7F6A27"
				image="Jetways - S Ansari\Jetway_Grey_34.jpg"/>
	<obj name="Jetway Grey 35"
			guid="B5DEE8749CBD1C549016F1AD5C7F6A28"
				image="Jetways - S Ansari\Jetway_Grey_35.jpg"/>
	<obj name="Jetway Grey 36"
			guid="B5DEE8749CBD1C549016F1AD5C7F6A29"
				image="Jetways - S Ansari\Jetway_Grey_36.jpg"/>
	<obj name="Jetway Grey 37"
			guid="B5DEE8749CBD1C549016F1AD5C7F6A2A"
				image="Jetways - S Ansari\Jetway_Grey_37.jpg"/>
	<obj name="Jetway Grey 38"
			guid="B5DEE8749CBD1C549016F1AD5C7F6A2B"
				image="Jetways - S Ansari\Jetway_Grey_38.jpg"/>
	<obj name="Jetway Grey 39"
			guid="B5DEE8749CBD1C549016F1AD5C7F6A2C"
				image="Jetways - S Ansari\Jetway_Grey_39.jpg"/>
	<obj name="Jetway Grey 40"
			guid="B5DEE8749CBD1C549016F1AD5C7F6A01"
				image="Jetways - S Ansari\Jetway_Grey_40.jpg"/>
	<obj name="Jetway Grey 41"
			guid="B5DEE8749CBD1C549016F1AD5C7F6A02"
				image="Jetways - S Ansari\Jetway_Grey_41.jpg"/>
	<obj name="Jetway Grey 42"
			guid="B5DEE8749CBD1C549016F1AD5C7F6A03"
				image="Jetways - S Ansari\Jetway_Grey_42.jpg"/>
	<obj name="Jetway Grey 43"
			guid="B5DEE8749CBD1C549016F1AD5C7F6A04"
				image="Jetways - S Ansari\Jetway_Grey_43.jpg"/>
	<obj name="Jetway Grey 44"
			guid="B5DEE8749CBD1C549016F1AD5C7F6A05"
				image="Jetways - S Ansari\Jetway_Grey_44.jpg"/>
	<obj name="Jetway Grey 45"
			guid="B5DEE8749CBD1C549016F1AD5C7F6A06"
				image="Jetways - S Ansari\Jetway_Grey_45.jpg"/>
	
	
</category>
</objectsLibrary>	
