<?xml version="1.0" encoding="utf-8" ?> 
<objectsLibrary>
<category name="ag_tree_lib - A. Gerretsen">

	<obj name="ag_tree01"
		guid="1111197920180505AD52556C34328A17"
		image="ag_tree_lib - Arno Gerretsen\ag_tree_lib_2_0001.gif" />
	<obj name="ag_tree02"
		guid="1111197920180505AD52556C34328A18"
		image="ag_tree_lib - Arno Gerretsen\ag_tree_lib_3_0001.gif" />
	<obj name="ag_tree03"
		guid="1111197920180505AD52556C34328A19"
		image="ag_tree_lib - Arno Gerretsen\ag_tree_lib_3_0002.gif" />
	<obj name="ag_tree04"
		guid="1111197920180505AD52556C34328A1A"
		image="ag_tree_lib - Arno Gerretsen\ag_tree_lib_3_0003.gif" />
	<obj name="ag_tree05"
		guid="1111197920180505AD52556C34328A1B"
		image="ag_tree_lib - Arno Gerretsen\ag_tree_lib_3_0004.gif" />
	<obj name="ag_tree06"
		guid="1111197920180505AD52556C34328A1C"
		image="ag_tree_lib - Arno Gerretsen\ag_tree_lib_3_0005.gif" />
	<obj name="ag_tree07"
		guid="1111197920180505AD52556C34328A1D"
		image="ag_tree_lib - Arno Gerretsen\ag_tree_lib_4_0001.gif" />
	<obj name="ag_tree08"
		guid="1111197920180505AD52556C34328A1E"
		image="ag_tree_lib - Arno Gerretsen\ag_tree_lib_4_0002.gif" />
	<obj name="ag_tree09"
		guid="1111197920180505AD52556C34328A1F"
		image="ag_tree_lib - Arno Gerretsen\ag_tree_lib_4_0003.gif" />
	<obj name="ag_tree10"
		guid="1111197920180505AD52556C34328A20"
		image="ag_tree_lib - Arno Gerretsen\ag_tree_lib_4_0004.gif" />
	<obj name="ag_tree11"
		guid="1111197920180505AD52556C34328A21"
		image="ag_tree_lib - Arno Gerretsen\ag_tree_lib_4_0005.gif" />
	<obj name="ag_tree12"
		guid="1111197920180505AD52556C34328A22"
		image="ag_tree_lib - Arno Gerretsen\ag_tree_lib_5_0001.gif" />
	<obj name="ag_tree13"
		guid="1111197920180505AD52556C34328A23"
		image="ag_tree_lib - Arno Gerretsen\ag_tree_lib_5_0002.gif" />
	<obj name="ag_tree14"
		guid="1111197920180505AD52556C34328A24"
		image="ag_tree_lib - Arno Gerretsen\ag_tree_lib_5_0003.gif" />
	<obj name="ag_tree15"
		guid="1111197920180505AD52556C34328A25"
		image="ag_tree_lib - Arno Gerretsen\ag_tree_lib_5_0004.gif" />
	<obj name="ag_tree16"
		guid="1111197920180505AD52556C34328A26"
		image="ag_tree_lib - Arno Gerretsen\ag_tree_lib_5_0005.gif" />
	<obj name="ag_tree17"
		guid="1111197920180505AD52556C34328A27"
		image="ag_tree_lib - Arno Gerretsen\ag_tree_lib_6_0001.gif" />
	
</category>
</objectsLibrary>
