<?xml version="1.0" encoding="utf-8" ?> 
<objectsLibrary>
<category name="FS9 Vehicles">

	<obj name="Airport Bags Cart #1"
			guid="c545a2a611d2e2ec1000849c2ae60c5a"
				image="FS2004 default 1\airbag1.jpg"/>
	<obj name="Airport Bags Cart #2"
			guid="c545a2a511d2e2ec1000849c2ae60c5a"
				image="FS2004 default 1\airbag2.jpg"/>
	<obj name="Airport Fuel Truck"
			guid="c545a2a311d2e2ec1000849c2ae60c5a"
				image="FS2004 default 1\airfuel.jpg"/>
	<obj name="Airport Fire Truck"
			guid="c545a2a411d2e2ec1000849c2ae60c5a"
				image="FS2004 default 1\airfire.jpg"/>
	<obj name="Airport Mule Truck"
			guid="c545a2a211d2e2ec1000849c2ae60c5a"
				image="FS2004 default 1\airmule.jpg"/>	
	<obj name="VEH_air_bagcart2"				
			guid="c545a2a611d2e2ec1000849c2ae60c5a"
				image="FS2004 default 1\VEH_air_bagcart2.jpg"/>
	<obj name="VEH_air_bagcart3"				
			guid="c545a2a511d2e2ec1000849c2ae60c5a"
				image="FS2004 default 1\VEH_air_bagcart3.jpg"/>
	<obj name="VEH_air_firetruck"				
			guid="c545a2a411d2e2ec1000849c2ae60c5a"
				image="FS2004 default 1\VEH_air_firetruck.jpg"/>
	<obj name="VEH_air_fueltruck"				
			guid="c545a2a311d2e2ec1000849c2ae60c5a"
				image="FS2004 default 1\VEH_air_fueltruck.jpg"/>
	<obj name="VEH_air_mule"				
			guid="c545a2a211d2e2ec1000849c2ae60c5a"
				image="FS2004 default 1\VEH_air_mule.jpg"/>
	<obj name="VEH_air_plow"				
			guid="c545a2a111d2e2ec1000849c2ae60c5a"
				image="FS2004 default 1\VEH_air_plow.jpg"/>	
	<obj name="veh_deicing"				
			guid="6880d52b4aa28dd7a7038ab80e60dda5"
				image="FS2004 default 1\veh_deicing.jpg"/>
	<obj name="VEH_air_bagcart1"				
			guid="c545a2a711d2e2ec1000849c2ae60c5a"
				image="FS2004 default 1\VEH_air_bagcart1.jpg"/>
	<obj name="gen_aviator01"				
			guid="e9a4eca949c08e1a74555e8d6c315d86"
				image="FS2004 default 1\gen_aviator01.jpg"/>
	<obj name="airport bus"				
			guid="d5560d114fe7429433c062a1887a04e5"
				image="FS2004 default 1\airport bus.jpg"/>
	<obj name="fueller truck a"				
			guid="cd69fc274fa08cf3be67fdaaefe9243d"
				image="FS2004 default 1\fueller truck a.jpg"/>
	<obj name="fueller truck b"				
			guid="0627877e4436864371b2918f821bb1f9"
				image="FS2004 default 1\fueller truck b.jpg"/>
	
	<obj name="Tower Truck"				
			guid="6c07357f417e286b4b764e899b2ab8a7"
				image="FS2004 default 1\Tower Truck.jpg"/>
	<obj name="Double Laguage truck"				
			guid="5ade080942e14dcf73aeb9a189ec6060"
				image="FS2004 default 1\Double Laguage truck.jpg"/>
	<obj name="Triple Laguage truck"				
			guid="8a7a72fe49c1286feabc42a39d67000d"
				image="FS2004 default 1\Triple Laguage truck.jpg"/>
	<obj name="Luagage conveyer a"				
			guid="37e5ef4245f34c1971217d9d126762e3"
				image="FS2004 default 1\Luagage conveyer a.jpg"/>
	<obj name="Luagage conveyer b"				
			guid="d8b5572c425289029e35c3b43bfab3c3"
				image="FS2004 default 1\Luagage conveyer b.jpg"/>
	<obj name="Luagage conveyer c"				
			guid="a75cbe2c416e04791b5f33a8930fcc8c"
				image="FS2004 default 1\Luagage conveyer c.jpg"/>
	<obj name="Load lift a"				
			guid="535f58ef4dde5c5a25d9e7a9a76f1817"
				image="FS2004 default 1\Load lift a.jpg"/>
	<obj name="Load lift b"				
			guid="9406831a4f13be95e7e3beb023ad0c90"
				image="FS2004 default 1\Load lift b.jpg"/>	
	<obj name="Load lift c"				
			guid="645d53db468d867487c416a7fc98b6e2"
				image="FS2004 default 1\Load lift c.jpg"/>
	<obj name="Push back a"				
			guid="d7c80684413724e2729711a901718f22"
				image="FS2004 default 1\Push back a.jpg"/>
	<obj name="Push back b"				
			guid="82a2760f49332871817bc585df9e1825"
				image="FS2004 default 1\Push back b.jpg"/>
	<obj name="Snow car a"				
			guid="2dcb5d1744f60533703507a627f8a1ab"
				image="FS2004 default 1\Snow car a.jpg"/>
	<obj name="Snow car b"				
			guid="dee20ad8425d985ba4cbfbbeee932397"
				image="FS2004 default 1\Snow car b.jpg"/>
	<obj name="Truck a"				
			guid="c792a0f848d0866181c8ee873bb4e1aa"
				image="FS2004 default 1\Truck a.jpg"/>
	<obj name="Truck b"				
			guid="539ca4984287ec1f849c0a98aa4cd7a0"
				image="FS2004 default 1\Truck b.jpg"/>
	<obj name="Lift Truck a"				
			guid="9f31b851499e887e69a8919b405569b2"
				image="FS2004 default 1\Lift Truck a.jpg"/>
	<obj name="Lift Truck b"				
			guid="8c0385404c47b71cfc133c87904a8940"
				image="FS2004 default 1\Lift Truck b.jpg"/>

	
</category>
<category name="FS9 Airport Buildings and Facilities">
	<obj name="small_tower1"				
			guid="7e6ceef047387ff43e298f89b6ed5f4a"
				image="FS2004 default 1\small_tower1.jpg"/>
	<obj name="small_tower2"				
			guid="c29b0f6f444893653d4b49b098e7ab78"
				image="FS2004 default 1\small_tower2.jpg"/>
	<obj name="large_tower1a"				
			guid="9d4a2f384124bcb781b2e28d5828961d"
				image="FS2004 default 1\large_tower1a.jpg"/>
	<obj name="large_tower1b"				
			guid="c1b936ad42c3a25ebc2d48ad01b5a3b1"
				image="FS2004 default 1\large_tower1b.jpg"/>
	<obj name="large_tower2"				
			guid="87d440f042a3dcfbce610495cd7f60e8"
				image="FS2004 default 1\large_tower2.jpg"/>
	<obj name="large_tower3"				
			guid="4a841b6d412c4e5648aa708b212cc767"
				image="FS2004 default 1\large_tower3.jpg"/>
	<obj name="medium_tower1"				
			guid="38d994264974a14e4359be93b1e8106c"
				image="FS2004 default 1\medium_tower1.jpg"/>
	<obj name="medium_tower2"				
			guid="604b317e4a34393816dc0ab50faf4b32"
				image="FS2004 default 1\medium_tower2.jpg"/>
	<obj name="medium_tower3"				
			guid="f3509ea446a55817a3edd39c5cf249c4"
				image="FS2004 default 1\medium_tower3.jpg"/>
	<obj name="medium_tower4"				
			guid="dc6a2ada4fbc3104585b309034386c90"
				image="FS2004 default 1\medium_tower4.jpg"/>
	<obj name="Medium_Fuel_Station"				
			guid="88d34df2406894ba6059a0a5decaee9a"
				image="FS2004 default 1\Medium_Fuel_Station.jpg"/>
	<obj name="Medium_Fuel_Station_Overhang"				
			guid="0da416ee4d81c523e59c62a56884f203"
				image="FS2004 default 1\Medium_Fuel_Station_Overhang.jpg"/>
	<obj name="Small_Fuel_Station1"				
			guid="1ffdec494b0c78fa6eb59c8de8fbb891"
				image="FS2004 default 1\Small_Fuel_Station1.jpg"/>
	<obj name="Small_Fuel_Station2"				
			guid="781c410649258ca975d080afe913f7b2"
				image="FS2004 default 1\Small_Fuel_Station2.jpg"/>
	<obj name="Large_Fuel_Tank"				
			guid="f51fb5e44a8eb23b924c15a579c16c17"
				image="FS2004 default 1\Large_Fuel_Tank.jpg"/>
	<obj name="ag_chemtank_Tank"				
			guid="da302e054f7a6454fcc56f8c7471a732"
				image="FS2004 default 1\ag_chemtank.jpg"/>
	<obj name="ag_LightPole"				
			guid="47c97ced4e4bc4e610b19f8e62ea9e98"
				image="FS2004 default 1\ag_LightPole.jpg"/>	
	<obj name="ag_median"				
			guid="68bc20d44406f7b2646458a0332e4a8d"
				image="FS2004 default 1\ag_median.jpg"/>


</category>
<category name="FS9 General Buildings">
	<obj name="Water Tower"
			guid="f2ef2cd249c3539c81122d81b0ebd667"
				image="FS2004 default 1\gen_watertower01.jpg"/>
	<obj name="Generic Oil Rig"
			guid="4a5ceec84f2a9e27f12ee7a40f0c856c"
				image="FS2004 default 1\gen_rig01.jpg"/>
	<obj name="Open Hut"
			guid="78217ab446e376d2ad5738846dede627"
				image="FS2004 default 1\gen_hutopen.jpg"/>
	<obj name="Water Tower1"
			guid="93802d8b45ebba4f029f72a2b3ee0f9a"
				image="FS2004 default 1\ag_WaterTower_1.jpg"/>	
	<obj name="gen_watertower02"				
			guid="567c15bf4de9e0028cb68ca38a5a1355"
				image="FS2004 default 1\gen_watertower02.jpg"/>
	<obj name="ag_factory"				
			guid="412cb84544f5b39fb305a5acbafc6f04"
				image="FS2004 default 1\ag_factory.jpg"/>
	<obj name="gen_nucplant01"				
			guid="dda775e2435e5e3ea8f5119a375df7ec"
				image="FS2004 default 1\gen_nucplant01.jpg"/>
	<obj name="gen_powerstation01"				
			guid="38c55f68418dd0ea79cc3d8c10d4807b"
				image="FS2004 default 1\gen_powerstation01.jpg"/>
	<obj name="gen_powertower01"				
			guid="54382ec54a43b1bd5f4f1aaac3569352"
				image="FS2004 default 1\gen_powertower01.jpg"/>
	<obj name="gen_trans01"				
			guid="0c0c20544e860abb46b1a191580535c3"
				image="FS2004 default 1\gen_trans01.jpg"/>
	<obj name="ag_HighPower"				
			guid="0b5dfe7540913c87701d68856e064a73"
				image="FS2004 default 1\ag_HighPower.jpg"/>	
	<obj name="ag_barn"				
			guid="6dc7e21e4f0c4d7395488dac102499a1"
				image="FS2004 default 1\ag_barn.jpg"/>
	<obj name="ag_barn_2"				
			guid="c12b53de46a14ac9c379b5a2f8708fd8"
				image="FS2004 default 1\ag_barn_2.jpg"/>
	<obj name="ag_barn_3"				
			guid="f214ae094ab15de83a5a22bc757b0c21"
				image="FS2004 default 1\ag_barn_3.jpg"/>
	<obj name="ag_barn_4"				
			guid="682406ce48e82e8bfaaf3e83a23cdfd1"
				image="FS2004 default 1\ag_barn_4.jpg"/>
	<obj name="ag_baseball"				
			guid="0bb07ff04c887fb06310dfacd359ff39"
				image="FS2004 default 1\ag_baseball.jpg"/>
	<obj name="ag_building 3 (Mosque)"				
			guid="034f8334427efedeb15925a056dafa40"
				image="FS2004 default 1\ag_building 3 (Mosque).jpg"/>
	<obj name="ag_Building_1 (Church)"				
			guid="e75256ee49a938fcf8a58996c0d2c11b"
				image="FS2004 default 1\ag_Building_1 (Church).jpg"/>
	<obj name="ag_Building_2 (Synagogue)"				
			guid="c2d9acaa4a55b2c5fa9b80982b3a5a8d"
				image="FS2004 default 1\ag_Building_2 (Synagogue).jpg"/>
	<obj name="ag_Building_4 (Shinto Shrine)"				
			guid="b05731424120e40a1fa6e082b2a6cc58"
			image="FS2004 default 1\ag_Building_4 (Shinto Shrine).jpg"/>
	<obj name="ag_Building_5 (Church)"				
			guid="999b34c1417209cc934a14a3ffa8a871"
				image="FS2004 default 1\ag_Building_5 (Church).jpg"/>
	<obj name="ag_Building_6 (Mosque)"				
			guid="e2b7cd38442d1e03ebf12d986787b9cd"
				image="FS2004 default 1\ag_Building_6 (Mosque).jpg"/>
	<obj name="ag_ClosedStadium"				
			guid="abecbcc1405c9d8ad301c69e13ee727b"
				image="FS2004 default 1\ag_ClosedStadium.jpg"/>
	<obj name="ag_cob_barn"				
			guid="d74829dc41da57eeee6bb4954eb560b8"
				image="FS2004 default 1\ag_cob_barn.jpg"/>
	<obj name="ag_cob_house"				
			guid="2703bda74152a685ef1c709fcadc0be4"
				image="FS2004 default 1\ag_cob_house.jpg"/>	
	<obj name="ag_FastFood_1"				
			guid="17dc27f4412379a34adc16819a0af977"
				image="FS2004 default 1\ag_FastFood_1.jpg"/>
	<obj name="ag_FastFood_2"				
			guid="55a27b7847db4f03f25dffb08540110b"
				image="FS2004 default 1\ag_FastFood_2.jpg"/>
	<obj name="ag_FastFood_3"				
			guid="c8520268437a4d86f15e188cd82e2eba"
				image="FS2004 default 1\ag_FastFood_3.jpg"/>
	<obj name="ag_FastFood_4"				
			guid="a5080b4f4184b33485b4ff839b69edc2"
				image="FS2004 default 1\ag_FastFood_4.jpg"/>
	<obj name="ag_FastFood_5"				
			guid="5d048bf74b0e46738422d583cd24a4f8"
				image="FS2004 default 1\ag_FastFood_5.jpg"/>
	<obj name="ag_FastFood_6"				
			guid="6c2ca2f6450e02e6d780d796b14139de"
				image="FS2004 default 1\ag_FastFood_6.jpg"/>
	<obj name="ag_firehouse"				
			guid="e1ae070341879f4b86d02eb95896d198"
				image="FS2004 default 1\ag_firehouse.jpg"/>
	<obj name="ag_FootballStadium_1"				
			guid="2e752d644d7b91691b154cb0ded37a39"
				image="FS2004 default 1\ag_FootballStadium_1.jpg"/>
	<obj name="ag_gas_1"				
			guid="f2e377e74d8eb1e38441cf86be70cab1"
				image="FS2004 default 1\ag_gas_1.jpg"/>
	<obj name="ag_gas_2"				
			guid="184268a6413bdb82cc3783bb119a5c62"
				image="FS2004 default 1\ag_gas_2.jpg"/>
	<obj name="ag_gas_3"				
			guid="2f14a1254cfb57086bf5eabcdc764712"
				image="FS2004 default 1\ag_gas_3.jpg"/>	
	<obj name="ag_hotel_1"				
			guid="9146531242bd80da60a525819e35b781"
				image="FS2004 default 1\ag_hotel_1.jpg"/>	
	<obj name="ag_MediumGrandstand"				
			guid="3e7d2f4142abbbf5198b2aa219b70939"
				image="FS2004 default 1\ag_MediumGrandstand.jpg"/>	
	<obj name="ag_observe"				
			guid="cd637684429d75c45e3495b2691355a2"
				image="FS2004 default 1\ag_observe.jpg"/>	
	<obj name="ag_school"				
			guid="355c8a804c7d45760cbd9b9b67d207ba"
				image="FS2004 default 1\ag_school.jpg"/>	
	<obj name="ag_ShoppingCenter"				
			guid="a421bac443200be57390dbb43c414f66"
				image="FS2004 default 1\ag_ShoppingCenter.jpg"/>	
	<obj name="ag_silo"				
			guid="483f721d4cb3a7945ba0a8b3ca898a40"
				image="FS2004 default 1\ag_silo.jpg"/>	
	<obj name="ag_stripmall_1"				
			guid="d81468da4b16ef1e6b391fae485bb356"
				image="FS2004 default 1\ag_stripmall_1.jpg"/>	
	<obj name="ag_TelephonePole"				
			guid="46f3d6cb43734270fb89e9aea92e4638"
				image="FS2004 default 1\ag_TelephonePole.jpg"/>
	<obj name="ag_warehouse"				
			guid="f131f3d946065f94619eed82160ed1b7"
				image="FS2004 default 1\ag_warehouse.jpg"/>		
	<obj name="cargoA"				
			guid="4d9e15884234e509ae6874a38c714d11"
				image="FS2004 default 1\cargoA.jpg"/>
	<obj name="cargoB"				
			guid="fe2e607f490da1d16604c293cce49856"
				image="FS2004 default 1\cargoB.jpg"/>
	<obj name="ConcreteBridge1A"				
			guid="3216f40b434d0f54a0732c9b087fedfe"
				image="FS2004 default 1\ConcreteBridge1A.jpg"/>
	<obj name="ConcreteBridge1B"				
			guid="d9aaae37469438b7ed19d2aa101a5306"
				image="FS2004 default 1\ConcreteBridge1B.jpg"/>
	<obj name="Constructcrane_large (Light)"				
			guid="6fc40cc0437304cf159f0ea368735810"
				image="FS2004 default 1\Constructcrane_large (Light).jpg"/>
	<obj name="Constructcrane_med (Light)"				
			guid="1fc7d750435b3281291917b546c81e2b"
				image="FS2004 default 1\Constructcrane_med (Light).jpg"/>
	<obj name="Constructcrane_small"				
			guid="74a775694ad2a6a8777307a6687c933e"
				image="FS2004 default 1\Constructcrane_small.jpg"/>	
	<obj name="DirtMound"				
			guid="f8459fec417737408a065bacb3adcce9"
				image="FS2004 default 1\DirtMound.jpg"/>
	<obj name="Fuel_Truck1"				
			guid="cd69fc274fa08cf3be67fdaaefe9243d"
				image="FS2004 default 1\Fuel_Truck1.jpg"/>
	<obj name="Fuel_Truck2"				
			guid="0627877e4436864371b2918f821bb1f9"
				image="FS2004 default 1\Fuel_Truck2.jpg"/>
	<obj name="gen_aerobaticbox"				
			guid="bad28dcf416c7c85898130a6a394e969"
				image="FS2004 default 1\gen_aerobaticbox.jpg"/>
	<obj name="gen_ampitheater"				
			guid="8747280b434007697ddcf19588dc0ca7"
				image="FS2004 default 1\gen_ampitheater.jpg"/>
	<obj name="gen_amusementpark"				
			guid="5556330d4a51a6120f4420a21271a935"
				image="FS2004 default 1\gen_amusementpark.jpg"/>	
	<obj name="gen_barn01"				
			guid="4ee46d454db9c0ed0c6e3e9dd8e54ad9"
				image="FS2004 default 1\gen_barn01.jpg"/>
	<obj name="gen_bridge08"				
			guid="da002e644742342cdc960db7600b9c56"
				image="FS2004 default 1\gen_bridge08.jpg"/>
	<obj name="gen_bridge08_2"				
			guid="c45eea03464ba40ea32647837eb5df82"
				image="FS2004 default 1\gen_bridge08_2.jpg"/>
	<obj name="gen_bridge01"				
			guid="bbf02ca54da890fcd04292880db874ac"
				image="FS2004 default 1\gen_bridge01.jpg"/>
	<obj name="gen_bridge01_2"				
			guid="2b931b90449394386f38a5b0ffb5e7c2"
				image="FS2004 default 1\gen_bridge01_2.jpg"/>
	<obj name="gen_bridge03"				
			guid="b0013e7c4a90fea9b0a976b5415bdd51"
				image="FS2004 default 1\gen_bridge03.jpg"/>
	<obj name="gen_bridge03_2"				
			guid="dd021ee7441fa57bdb6e35a004e1cd24"
				image="FS2004 default 1\gen_bridge03_2.jpg"/>
	<obj name="gen_bridge04"				
			guid="127136ea422349c212de15aaad449bd7"
				image="FS2004 default 1\gen_bridge04.jpg"/>
	<obj name="gen_bridge04_2"				
			guid="600e0f2f47770592ace49d97628704df"
				image="FS2004 default 1\gen_bridge04_2.jpg"/>
	<obj name="gen_bridge06"				
			guid="b2b05be74b927daff150928f50cc149f"
				image="FS2004 default 1\gen_bridge06.jpg"/>
	<obj name="gen_bridge06_2"				
			guid="c9775c1f48561e3ead3416a4b696c0ef"
				image="FS2004 default 1\gen_bridge06_2.jpg"/>
	<obj name="gen_bridge05 (Rail)"				
			guid="193a2264464e53ec796b39b1ae929f0d"
				image="FS2004 default 1\gen_bridge05 (Rail).jpg"/>
	<obj name="gen_bridge05_2 (Rail)"				
			guid="5c0f70da4c3efe093727e7a2220470ec"
				image="FS2004 default 1\gen_bridge05_2 (Rail).jpg"/>
	<obj name="gen_bridge02 (Rail)"				
			guid="9ed413c1463590df3efdc984fb1c67da"
				image="FS2004 default 1\gen_bridge02 (Rail).jpg"/>
	<obj name="gen_bridge02_2 (Rail)"				
			guid="18b41d4547f8749e3813e5b657cdd735"
				image="FS2004 default 1\gen_bridge02_2 (Rail).jpg"/>
	<obj name="gen_bridge07"				
			guid="2d7d189a43f3f0e575d03fb76b7a4ef8"
				image="FS2004 default 1\gen_bridge07.jpg"/>
	<obj name="gen_bridge07_2"				
			guid="18b2918f497c11d1f2a2c0b565e56362"
				image="FS2004 default 1\gen_bridge07_2.jpg"/>
	<obj name="gen_fueldock"				
			guid="23ee29b947e82f048758ecabe8fef17e"
				image="FS2004 default 1\gen_fueldock.jpg"/>
	<obj name="gen_hutwalled"				
			guid="ad4f1f5a45a5de8b853e27bc270267f5"
				image="FS2004 default 1\gen_hutwalled.jpg"/>
	<obj name="gen_launchpad_alone01"				
			guid="60635cac44457f81df6a5c9255f3e627"
				image="FS2004 default 1\gen_launchpad_alone01.jpg"/>
	<obj name="gen_launchpad_alone02"				
			guid="15c0e405416764aaf93adf8f3c71f2d1"
				image="FS2004 default 1\gen_launchpad_alone02.jpg"/>
	<obj name="gen_marina"				
			guid="f7b450934b6b904283e98db8c791caa5"
				image="FS2004 default 1\gen_marina.jpg"/>
	<obj name="gen_monument01"				
			guid="d7cc7ce9441182a90ccda88bab22d02a"
				image="FS2004 default 1\gen_monument01.jpg"/>	
	<obj name="gen_pole01 (Flashing Light)"				
			guid="a134eaa942aab11f4cc309bac43ba029"
				image="FS2004 default 1\gen_pole01 (Flashing Light).jpg"/>
	<obj name="gen_refinery01"				
			guid="0e9712ce46485cf0c445758c83fa8f51"
				image="FS2004 default 1\gen_refinery01.jpg"/>
	<obj name="gen_sign01 (Flashing Light)"				
			guid="e480537d4e15c22033e7998e6e29d4eb"
				image="FS2004 default 1\gen_sign01 (Flashing Light).jpg"/>
	<obj name="gen_spaceshuttle01"				
			guid="43a89b2b4716e28c1e1a18bdcf567d82"
				image="FS2004 default 1\gen_spaceshuttle01.jpg"/>
	<obj name="gen_spaceshuttle01_ns"				
			guid="a0c1e2cd4be391c45ab99a81dbc0ca0c"
				image="FS2004 default 1\gen_spaceshuttle01_ns.jpg"/>
	<obj name="gen_spaceshuttle02"				
			guid="f3a7bca64f415d9f5d735ba847dd873e"
				image="FS2004 default 1\gen_spaceshuttle02.jpg"/>
	<obj name="gen_Daredevil"				
			guid="8446f6e54e24bc99cf67a48c646c2da1"
				image="FS2004 default 1\gen_Daredevil.jpg"/>
	<obj name="gen_docksmall"											guid="ce332e37443e6a2cf98c45a8f4dadb2d"
				image="FS2004 default 1\gen_docksmall.jpg"/>
	<obj name="gen_dome01"				
			guid="8ebb0ba54cae9f813bc2788cf41fe096"
				image="FS2004 default 1\gen_dome01.jpg"/>
	<obj name="gen_elevator01"				
			guid="51aa12d649e6ae0fbc6d16a902f41cd8"
				image="FS2004 default 1\gen_elevator01.jpg"/>
	<obj name="gen_factory01"				
			guid="5b479fb14060d13480fec3aa8652bae1"
				image="FS2004 default 1\gen_factory01.jpg"/>
	<obj name="gen_ferryterminal"				
			guid="a0f21144401e1921877beba2bca1e163"
				image="FS2004 default 1\gen_ferryterminal.jpg"/>	
	<obj name="gen_tank01"				
			guid="7549dba54c0f8710423262bf316cd844"
				image="FS2004 default 1\gen_tank01.jpg"/>
	<obj name="gen_techshack01"				
			guid="6b2b7d784dbe967ae2836798b6b1f855"
				image="FS2004 default 1\gen_techshack01.jpg"/>
	<obj name="gen_vab"				
			guid="3eeac28c48ad75078d3c3d8009745d0e"
				image="FS2004 default 1\gen_vab.jpg"/>
	<obj name="gen_windmill01"				
			guid="f21db452424d6d9dc3a908b6c14c194c"
				image="FS2004 default 1\gen_windmill01.jpg"/>
	<obj name="Warehouse"				
			guid="f131f3d946065f94619eed82160ed1b7"
				image="FS2004 default 1\Warehouse.jpg"/>
	<obj name="factory 3 chimney"				
			guid="412cb84544f5b39fb305a5acbafc6f04"
				image="FS2004 default 1\factory 3 chimney.jpg"/>	
	

</category>	
<category name="FS9 Navaids">
	
	<obj name="gen_DME"				
			guid="26546ab7410ea46d8f4a8685299974c8"
				image="FS2004 default 1\gen_DME.jpg"/>
	<obj name="gen_ndb01"				
			guid="5a003f364f9768dd6861b3b0859a7763"
				image="FS2004 default 1\gen_ndb01.jpg"/>
	<obj name="gen_NDBWater"				
			guid="127ae2844ec325ae72e3cfbca3f57dbf"
				image="FS2004 default 1\gen_NDBWater.jpg"/>
	<obj name="gen_radio01 (Flashing Light)"				
			guid="5137c38443463c5527b068a311fd080a"
				image="FS2004 default 1\gen_radio01 (Flashing Light).jpg"/>
	<obj name="gen_tv01 (Flashing Light)"				
			guid="8166fd03480c41117f4cd1924c2629b3"
				image="FS2004 default 1\gen_tv01 (Flashing Light).jpg"/>
	<obj name="SCO_gen_VORsmallDME"				
			guid="047814f745fce832044fa0b5b034827f"
				image="FS2004 default 1\SCO_gen_VORsmallDME.jpg"/>
	<obj name="SCO_gen_VORsmall2DME"				
			guid="c0b537c348ba808acae1ff8e842e871a"
				image="FS2004 default 1\SCO_gen_VORsmall2DME.jpg"/>
	<obj name="gen_beaconbase1"				
			guid="7f38bfbc4a40e2953c3f5c8482fa2c87"
				image="FS2004 default 1\gen_beaconbase1.jpg"/>
	<obj name="gen_beaconheli"				
			guid="c01195dc402b0a041363fcae5caba01e"
				image="FS2004 default 1\gen_beaconheli.jpg"/>
	<obj name="gen_beaconhelicone"				
			guid="351414fe4b58124dda1b47bc1239355f"
				image="FS2004 default 1\gen_beaconhelicone.jpg"/>
	<obj name="gen_beaconland"				
			guid="4a37182c491d502f8856b8a53ab4fb97"
				image="FS2004 default 1\gen_beaconland.jpg"/>
	<obj name="gen_beaconlandcone"				
			guid="4dbdce66443dbc007ef143b1bae27191"
				image="FS2004 default 1\gen_beaconlandcone.jpg"/>
	<obj name="gen_beaconmil"				
			guid="5d74182f4024a09411ef2191cb16726d"
				image="FS2004 default 1\gen_beaconmil.jpg"/>
	<obj name="gen_beaconmilcone"				
			guid="abd29b4543bb7f2b076ba8ab670b4dbb"
				image="FS2004 default 1\gen_beaconmilcone.jpg"/>
	<obj name="gen_beaconwater"				
			guid="752f37ae434a7a469e777da79027503b"
				image="FS2004 default 1\gen_beaconwater.jpg"/>
	<obj name="gen_beaconwatercone"				
			guid="36d2816849e3fd1eca6f04a0113067d1"
				image="FS2004 default 1\gen_beaconwatercone.jpg"/>
	<obj name="NDBHigh"				
			guid="4808a0b04d43fc5620867d91fc8c6eb3"
				image="FS2004 default 1\NDBHigh.jpg"/>
	<obj name="gen_stack01 (Flashing Light)"				
			guid="72f14e2949f92b313c5a069a57dfdd28"
				image="FS2004 default 1\gen_stack01 (Flashing Light).jpg"/>
	<obj name="gen_TACAN"				
			guid="3ef3d3f94109fc9536ebb193c6586f8b"
				image="FS2004 default 1\gen_TACAN.jpg"/>
	<obj name="airport radar"				
			guid="7328626a11d303801000859c2ae60c5a"
				image="FS2004 default 1\Airport Radar.jpg"/>
	<obj name="com antenna"				
			guid="c545a27011d2e2ec1000849c2ae60c5a"
				image="FS2004 default 1\com antenna.jpg"/>
	<obj name="VOR"				
			guid="3a5affe143e95cb6df00d3b5786eb8c3"
				image="FS2004 default 1\VOR.jpg"/>

	<obj name="50 meter antenna mast"				
			guid="8166fd03480c41117f4cd1924c2629b3"
				image="FS2004 default 1\50 meter antenna mast.jpg"/>


</category>	
<category name="FS9 Port and Sea">

	<obj name="Generic_ferry1"				
			guid="f468350b4eef1c1bf676c29e9489a49e"
				image="FS2004 default 1\Generic_ferry1.jpg"/>
	<obj name="wash_ferry"				
			guid="886e7d434bc2380a78a255a748d5121d"
				image="FS2004 default 1\wash_ferry.jpg"/>
	<obj name="Generic_ferry2"				
			guid="9eea367b4bdc18c3cf4c6ab1fd4c2199"
				image="FS2004 default 1\Generic_ferry2.jpg"/>
	<obj name="cruise_linerA"				
			guid="317374a4436bc44f55ffce8bdf3f83dd"
				image="FS2004 default 1\cruise_linerA.jpg"/>
	<obj name="cruise_linerB"				
			guid="eab79a004fe2c0603ff670be264c8b4b"
				image="FS2004 default 1\cruise_linerB.jpg"/>
	<obj name="VEH_carrier1"				
			guid="0a66a25e47e9dd101378619c23cb694a"
				image="FS2004 default 1\VEH_carrier1.jpg"/>
	<obj name="Lighthouse1"				
			guid="be7fa03648cd6133c3bda3b335abe639"
				image="FS2004 default 1\Lighthouse1.jpg"/>
	<obj name="Lighthouse2"				
			guid="8b63a054415db32e8025849868424408"
				image="FS2004 default 1\Lighthouse2.jpg"/>
	<obj name="Lighthouse3"				
			guid="de00535c4cc05e8c23e82f931274a355"
				image="FS2004 default 1\Lighthouse3.jpg"/>	
	<obj name="gen_pier"				
			guid="a293cef94d8fcd06a9add99cb867b3a0"
				image="FS2004 default 1\gen_pier.jpg"/>
	<obj name="PBoat_22ft_Blackstripe"				
			guid="f2c5e6a94d32d7af0d24249df25949e9"
				image="FS2004 default 1\PBoat_22ft_Blackstripe.jpg"/>
	<obj name="PBoat_22ft_Bluehull"				
			guid="bb72036142806d74232ce4bdc1455ea8"
				image="FS2004 default 1\PBoat_22ft_Bluehull.jpg"/>
	<obj name="PBoat_22ft_Brownhull"				
			guid="58276a7d4051d068bb31b6aa9d4df5ab"
				image="FS2004 default 1\PBoat_22ft_Brownhull.jpg"/>
	<obj name="PBoat_25ft_Bluehull"				
			guid="595fd3ed44aa585de1248895c1e37abe"
				image="FS2004 default 1\PBoat_25ft_Bluehull.jpg"/>
	<obj name="PBoat_25ft_Goldhull"				
			guid="9d9171264d489054688f2cb261b49d41"
				image="FS2004 default 1\PBoat_25ft_Goldhull.jpg"/>
	<obj name="PBoat_25ft_Wavyhull"				
			guid="650a8b834f63f7e2e75ab2bb6ed2053b"
				image="FS2004 default 1\PBoat_25ft_Wavyhull.jpg"/>
	<obj name="PBoat_30ft_Bluehull"				
			guid="4170e42843996e21c586c782f4a3524a"
				image="FS2004 default 1\PBoat_30ft_Bluehull.jpg"/>
	<obj name="PBoat_30ft_Redstripe"				
			guid="7f58f10843aad72ee6ee9d9e6dd6d4e5"
				image="FS2004 default 1\PBoat_30ft_Redstripe.jpg"/>
	<obj name="PBoat_30ft_Wavyhull"				
			guid="22d9ae7c491c3cf1dea010bed5153c27"
				image="FS2004 default 1\PBoat_30ft_Wavyhull.jpg"/>
	<obj name="PBoat_57ft_Bluehull"				
			guid="17a54b77459dd0a255707bab3b7ebd87"
				image="FS2004 default 1\PBoat_57ft_Bluehull.jpg"/>
	<obj name="PBoat_57ft_Bluestripe"				
			guid="68992e3d47f1c52a70395480757c01c6"
				image="FS2004 default 1\PBoat_57ft_Bluestripe.jpg"/>
	<obj name="PBoat_57ft_Goldhull"				
			guid="089841ec45f40a99fdbe8e9bca89834e"
				image="FS2004 default 1\PBoat_57ft_Goldhull.jpg"/>
	<obj name="PBoat_75ft_Bluehull"				
			guid="a5d38d434d53a50989c538bbd358bb59"
				image="FS2004 default 1\PBoat_75ft_Bluehull.jpg"/>	
	<obj name="PBoat_75ft_Brownhull"				
			guid="60eb705440be896976ed60a50e63c7e1"
				image="FS2004 default 1\PBoat_75ft_Brownhull.jpg"/>
	<obj name="PBoat_75ft_Redhull"				
			guid="e6058da348d8c50c05c8daa65c43111d"
				image="FS2004 default 1\PBoat_75ft_Redhull.jpg"/>
	<obj name="sailboat_big_down"				
			guid="7766807e48629fb75180ae8aee78e6cd"
				image="FS2004 default 1\sailboat_big_down.jpg"/>
	<obj name="sailboat_big_up"				
			guid="82e4ac8f4ad32ad1de5811b26cc22e9d"
				image="FS2004 default 1\sailboat_big_up.jpg"/>
	<obj name="sailboat_S_down"				
			guid="cc073ded45f54f9851c0948241429510"
				image="FS2004 default 1\sailboat_S_down.jpg"/>
	<obj name="sailboat_S_up"				
			guid="2bf74ea24a067df84f077b9a4090907d"
				image="FS2004 default 1\sailboat_S_up.jpg"/>
	<obj name="VEH_water_sailboat1"				
			guid="c545a29d11d2e2ec1000849c2ae60c5a"
				image="FS2004 default 1\VEH_water_sailboat1.jpg"/>
	<obj name="VEH_water_sailboat2"				
			guid="c545a29c11d2e2ec1000849c2ae60c5a"
				image="FS2004 default 1\VEH_water_sailboat2.jpg"/>
	<obj name="VEH_water_sailboat3"				
			guid="c545a29b11d2e2ec1000849c2ae60c5a"
				image="FS2004 default 1\VEH_water_sailboat3.jpg"/>
	<obj name="VEH_water_sailboat4"				
			guid="c545a29a11d2e2ec1000849c2ae60c5a"
				image="FS2004 default 1\VEH_water_sailboat4.jpg"/>
	<obj name="VEH_water_sailboat5"				
			guid="c545a29911d2e2ec1000849c2ae60c5a"
				image="FS2004 default 1\VEH_water_sailboat5.jpg"/>
	<obj name="VEH_water_smallboat1"				
			guid="c545a29811d2e2ec1000849c2ae60c5a"
				image="FS2004 default 1\VEH_water_smallboat1.jpg"/>
	<obj name="VEH_water_smallboat2"				
			guid="c545a29711d2e2ec1000849c2ae60c5a"
				image="FS2004 default 1\VEH_water_smallboat2.jpg"/>
	<obj name="VEH_water_smallboat3"				
			guid="c545a29611d2e2ec1000849c2ae60c5a"
				image="FS2004 default 1\VEH_water_smallboat3.jpg"/>
	<obj name="VEH_water_smallboat4"				
			guid="c545a29511d2e2ec1000849c2ae60c5a"
				image="FS2004 default 1\VEH_water_smallboat4.jpg"/>
	<obj name="Container Ship a"				
			guid="4d9e15884234e509ae6874a38c714d11"
				image="FS2004 default 1\Container Ship a.jpg"/>
	<obj name="Container Ship b"				
			guid="4d9e15884234e509ae6874a38c714d11"
				image="FS2004 default 1\Container Ship b.jpg"/>

</category>
</objectsLibrary>







